{"obs_mean": [-0.017997649703259844, -0.05784763144643572, 0.11839699642049144, 0.00012416416386345063, -0.0545784963070459, 0.008114576536626299, 0.781311562834962, -0.0019800562774427754, 0.4663206467215415, 0.06569532782858883, -0.376764776142173, 0.02432236402311573, 0.013817382263763575, 0.5059851092680718, 0.0001832918704657957, 0.4860880792177478, 0.0508818769926655, -0.6811249482937967, 0.001256093126492732, -0.0008611433079108959, 0.6079494137187241], "obs_var": [0.22553438796484823, 0.21263690630978546, 0.0017727076277785031, 0.5549709359752951, 0.34449954540868954, 1.5164698345406344, 0.19120033936475558, 0.0048824879350142635, 0.0261269235847976, 0.004237091036528407, 0.28094370075502517, 0.07684590833650323, 0.0751546520913937, 0.1683006341479553, 0.002853727597105513, 0.0028555073722357468, 0.0006784554759380774, 0.028265743579181633, 0.04721251560883327, 0.057162106151874496, 0.03382362984417288], "rew_mean": -61.27899410554543, "rew_var": 16013.299139309838}