{"obs_mean": [-0.0021641548408039397, -0.048397804216728686, 0.11928084667856192, 0.003972414652278615, -0.054772658119752696, 0.011038531741643001, 0.7952356527805945, -0.0005531794214326002, 0.4655709605341222, 0.06682436016453332, -0.3563754597213265, 0.02094070153463717, 0.009493230747730187, 0.4868727235354793, -2.2216408376370533e-05, 0.48670034931918227, 0.0510868670031145, -0.6829956318629602, 0.000921387820001927, -0.0020822003328115346, 0.6050253697066561], "obs_var": [0.22074811364135835, 0.1992526940687904, 0.0016409572419038441, 0.5606459850695381, 0.3259846388019175, 1.3723498022993432, 0.15508061690751612, 0.004855898148937901, 0.02596597172630143, 0.0046810958954836045, 0.2998375663249814, 0.07821036122715287, 0.07749968091972963, 0.17987526014632196, 0.0028112308030433073, 0.002885941951861288, 0.0006816647974898832, 0.02804045474453868, 0.04652655709101176, 0.05835042131122459, 0.034538650914518805], "rew_mean": -47.768566357177164, "rew_var": 11487.834649441545}